,Timestamp,Predicted Max. Temperature
0,2022-01-23 13:22:12.252361,9.625933580922396
1,2022-01-23 14:22:12.252361,9.625933580922396
2,2022-01-23 15:22:12.252361,9.625933580922396
3,2022-01-23 16:22:12.252361,9.625933580922396
4,2022-01-23 17:22:12.252361,9.625933580922396
5,2022-01-23 18:22:12.252361,9.625933580922396
6,2022-01-23 19:22:12.252361,9.625933580922396
7,2022-01-23 20:22:12.252361,9.625933580922396
8,2022-01-23 21:22:12.252361,9.625933580922396
9,2022-01-23 22:22:12.252361,9.625933580922396
10,2022-01-23 23:22:12.252361,9.625933580922396
11,2022-01-24 00:22:12.252361,9.625933580922396
12,2022-01-24 01:22:12.252361,9.625933580922396
13,2022-01-24 02:22:12.252361,9.625933580922396
14,2022-01-24 03:22:12.252361,9.625933580922396
15,2022-01-24 04:22:12.252361,9.625933580922396
16,2022-01-24 05:22:12.252361,9.625933580922396
17,2022-01-24 06:22:12.252361,9.625933580922396
18,2022-01-24 07:22:12.252361,9.625933580922396
19,2022-01-24 08:22:12.252361,9.625933580922396
20,2022-01-24 09:22:12.252361,9.625933580922396
21,2022-01-24 10:22:12.252361,9.625933580922396
22,2022-01-24 11:22:12.252361,9.625933580922396
23,2022-01-24 12:22:12.252361,9.625933580922396
24,2022-01-24 13:22:12.252361,9.625933580922396
25,2022-01-24 14:22:12.252361,9.625933580922396
26,2022-01-24 15:22:12.252361,9.625933580922396
27,2022-01-24 16:22:12.252361,9.625933580922396
28,2022-01-24 17:22:12.252361,9.625933580922396
29,2022-01-24 18:22:12.252361,9.625933580922396
30,2022-01-24 19:22:12.252361,9.625933580922396
31,2022-01-24 20:22:12.252361,9.625933580922396
32,2022-01-24 21:22:12.252361,9.625933580922396
33,2022-01-24 22:22:12.252361,9.625933580922396
34,2022-01-24 23:22:12.252361,9.625933580922396
35,2022-01-25 00:22:12.252361,9.625933580922396
36,2022-01-25 01:22:12.252361,9.625933580922396
37,2022-01-25 02:22:12.252361,9.625933580922396
38,2022-01-25 03:22:12.252361,9.625933580922396
39,2022-01-25 04:22:12.252361,9.625933580922396
40,2022-01-25 05:22:12.252361,9.625933580922396
41,2022-01-25 06:22:12.252361,9.625933580922396
42,2022-01-25 07:22:12.252361,9.625933580922396
43,2022-01-25 08:22:12.252361,9.625933580922396
44,2022-01-25 09:22:12.252361,9.625933580922396
45,2022-01-25 10:22:12.252361,9.625933580922396
46,2022-01-25 11:22:12.252361,9.625933580922396
47,2022-01-25 12:22:12.252361,9.625933580922396
48,2022-01-25 13:22:12.252361,9.625933580922396
49,2022-01-25 14:22:12.252361,9.625933580922396
50,2022-01-25 15:22:12.252361,9.625933580922396
51,2022-01-25 16:22:12.252361,9.625933580922396
52,2022-01-25 17:22:12.252361,9.625933580922396
53,2022-01-25 18:22:12.252361,9.625933580922396
54,2022-01-25 19:22:12.252361,9.625933580922396
55,2022-01-25 20:22:12.252361,9.625933580922396
56,2022-01-25 21:22:12.252361,9.625933580922396
57,2022-01-25 22:22:12.252361,9.625933580922396
58,2022-01-25 23:22:12.252361,9.625933580922396
59,2022-01-26 00:22:12.252361,9.625933580922396
60,2022-01-26 01:22:12.252361,9.625933580922396
61,2022-01-26 02:22:12.252361,9.625933580922396
62,2022-01-26 03:22:12.252361,9.625933580922396
63,2022-01-26 04:22:12.252361,9.625933580922396
64,2022-01-26 05:22:12.252361,9.625933580922396
65,2022-01-26 06:22:12.252361,9.625933580922396
66,2022-01-26 07:22:12.252361,9.625933580922396
67,2022-01-26 08:22:12.252361,9.625933580922396
68,2022-01-26 09:22:12.252361,9.625933580922396
69,2022-01-26 10:22:12.252361,9.625933580922396
70,2022-01-26 11:22:12.252361,9.625933580922396
71,2022-01-26 12:22:12.252361,9.625933580922396
72,2022-01-26 13:22:12.252361,9.625933580922396
73,2022-01-26 14:22:12.252361,9.625933580922396
74,2022-01-26 15:22:12.252361,9.625933580922396
75,2022-01-26 16:22:12.252361,9.625933580922396
76,2022-01-26 17:22:12.252361,9.625933580922396
77,2022-01-26 18:22:12.252361,9.625933580922396
78,2022-01-26 19:22:12.252361,9.625933580922396
79,2022-01-26 20:22:12.252361,9.625933580922396
80,2022-01-26 21:22:12.252361,9.625933580922396
81,2022-01-26 22:22:12.252361,9.625933580922396
82,2022-01-26 23:22:12.252361,9.625933580922396
83,2022-01-27 00:22:12.252361,9.625933580922396
84,2022-01-27 01:22:12.252361,9.625933580922396
85,2022-01-27 02:22:12.252361,9.625933580922396
86,2022-01-27 03:22:12.252361,9.625933580922396
87,2022-01-27 04:22:12.252361,9.625933580922396
88,2022-01-27 05:22:12.252361,9.625933580922396
89,2022-01-27 06:22:12.252361,9.625933580922396
90,2022-01-27 07:22:12.252361,9.625933580922396
91,2022-01-27 08:22:12.252361,9.625933580922396
92,2022-01-27 09:22:12.252361,9.625933580922396
93,2022-01-27 10:22:12.252361,9.625933580922396
94,2022-01-27 11:22:12.252361,9.625933580922396
95,2022-01-27 12:22:12.252361,9.625933580922396
96,2022-01-27 13:22:12.252361,9.625933580922396
97,2022-01-27 14:22:12.252361,9.625933580922396
98,2022-01-27 15:22:12.252361,9.625933580922396
99,2022-01-27 16:22:12.252361,9.625933580922396
100,2022-01-27 17:22:12.252361,9.625933580922396
101,2022-01-27 18:22:12.252361,9.625933580922396
102,2022-01-27 19:22:12.252361,9.625933580922396
103,2022-01-27 20:22:12.252361,9.625933580922396
104,2022-01-27 21:22:12.252361,9.625933580922396
105,2022-01-27 22:22:12.252361,9.625933580922396
106,2022-01-27 23:22:12.252361,9.625933580922396
107,2022-01-28 00:22:12.252361,9.625933580922396
108,2022-01-28 01:22:12.252361,9.625933580922396
109,2022-01-28 02:22:12.252361,9.625933580922396
110,2022-01-28 03:22:12.252361,9.625933580922396
111,2022-01-28 04:22:12.252361,9.625933580922396
112,2022-01-28 05:22:12.252361,9.625933580922396
113,2022-01-28 06:22:12.252361,9.625933580922396
114,2022-01-28 07:22:12.252361,9.625933580922396
115,2022-01-28 08:22:12.252361,9.625933580922396
116,2022-01-28 09:22:12.252361,9.625933580922396
117,2022-01-28 10:22:12.252361,9.625933580922396
118,2022-01-28 11:22:12.252361,9.625933580922396
119,2022-01-28 12:22:12.252361,9.625933580922396
120,2022-01-28 13:22:12.252361,9.625933580922396
121,2022-01-28 14:22:12.252361,9.625933580922396
122,2022-01-28 15:22:12.252361,9.625933580922396
123,2022-01-28 16:22:12.252361,9.625933580922396
124,2022-01-28 17:22:12.252361,9.625933580922396
125,2022-01-28 18:22:12.252361,9.625933580922396
126,2022-01-28 19:22:12.252361,9.625933580922396
127,2022-01-28 20:22:12.252361,9.625933580922396
128,2022-01-28 21:22:12.252361,9.625933580922396
129,2022-01-28 22:22:12.252361,9.625933580922396
130,2022-01-28 23:22:12.252361,9.625933580922396
131,2022-01-29 00:22:12.252361,9.625933580922396
132,2022-01-29 01:22:12.252361,9.625933580922396
133,2022-01-29 02:22:12.252361,9.625933580922396
134,2022-01-29 03:22:12.252361,9.625933580922396
135,2022-01-29 04:22:12.252361,9.625933580922396
136,2022-01-29 05:22:12.252361,9.625933580922396
137,2022-01-29 06:22:12.252361,9.625933580922396
138,2022-01-29 07:22:12.252361,9.625933580922396
139,2022-01-29 08:22:12.252361,9.625933580922396
140,2022-01-29 09:22:12.252361,9.625933580922396
141,2022-01-29 10:22:12.252361,9.625933580922396
142,2022-01-29 11:22:12.252361,9.625933580922396
143,2022-01-29 12:22:12.252361,9.625933580922396
144,2022-01-29 13:22:12.252361,9.625933580922396
145,2022-01-29 14:22:12.252361,9.625933580922396
146,2022-01-29 15:22:12.252361,9.625933580922396
147,2022-01-29 16:22:12.252361,9.625933580922396
148,2022-01-29 17:22:12.252361,9.625933580922396
149,2022-01-29 18:22:12.252361,9.625933580922396
150,2022-01-29 19:22:12.252361,9.625933580922396
151,2022-01-29 20:22:12.252361,9.625933580922396
152,2022-01-29 21:22:12.252361,9.625933580922396
153,2022-01-29 22:22:12.252361,9.625933580922396
154,2022-01-29 23:22:12.252361,9.625933580922396
155,2022-01-30 00:22:12.252361,9.625933580922396
156,2022-01-30 01:22:12.252361,9.625933580922396
157,2022-01-30 02:22:12.252361,9.625933580922396
158,2022-01-30 03:22:12.252361,9.625933580922396
159,2022-01-30 04:22:12.252361,9.625933580922396
160,2022-01-30 05:22:12.252361,9.625933580922396
161,2022-01-30 06:22:12.252361,9.625933580922396
162,2022-01-30 07:22:12.252361,9.625933580922396
163,2022-01-30 08:22:12.252361,9.625933580922396
164,2022-01-30 09:22:12.252361,9.625933580922396
165,2022-01-30 10:22:12.252361,9.625933580922396
166,2022-01-30 11:22:12.252361,9.625933580922396
167,2022-01-30 12:22:12.252361,9.625933580922396
168,2022-01-30 13:22:12.252361,9.625933580922396
169,2022-01-30 14:22:12.252361,9.625933580922396
170,2022-01-30 15:22:12.252361,9.625933580922396
171,2022-01-30 16:22:12.252361,9.625933580922396
172,2022-01-30 17:22:12.252361,9.625933580922396
173,2022-01-30 18:22:12.252361,9.625933580922396
174,2022-01-30 19:22:12.252361,9.625933580922396
175,2022-01-30 20:22:12.252361,9.625933580922396
176,2022-01-30 21:22:12.252361,9.625933580922396
177,2022-01-30 22:22:12.252361,9.625933580922396
178,2022-01-30 23:22:12.252361,9.625933580922396
179,2022-01-31 00:22:12.252361,9.625933580922396
180,2022-01-31 01:22:12.252361,9.625933580922396
181,2022-01-31 02:22:12.252361,9.625933580922396
182,2022-01-31 03:22:12.252361,9.625933580922396
183,2022-01-31 04:22:12.252361,9.625933580922396
184,2022-01-31 05:22:12.252361,9.625933580922396
185,2022-01-31 06:22:12.252361,9.625933580922396
186,2022-01-31 07:22:12.252361,9.625933580922396
187,2022-01-31 08:22:12.252361,9.625933580922396
188,2022-01-31 09:22:12.252361,9.625933580922396
189,2022-01-31 10:22:12.252361,9.625933580922396
190,2022-01-31 11:22:12.252361,9.625933580922396
191,2022-01-31 12:22:12.252361,9.625933580922396
192,2022-01-31 13:22:12.252361,9.625933580922396
193,2022-01-31 14:22:12.252361,9.625933580922396
194,2022-01-31 15:22:12.252361,9.625933580922396
195,2022-01-31 16:22:12.252361,9.625933580922396
196,2022-01-31 17:22:12.252361,9.625933580922396
197,2022-01-31 18:22:12.252361,9.625933580922396
198,2022-01-31 19:22:12.252361,9.625933580922396
199,2022-01-31 20:22:12.252361,9.625933580922396
200,2022-01-31 21:22:12.252361,9.625933580922396
201,2022-01-31 22:22:12.252361,9.625933580922396
202,2022-01-31 23:22:12.252361,9.625933580922396
203,2022-02-01 00:22:12.252361,9.625933580922396
204,2022-02-01 01:22:12.252361,9.625933580922396
205,2022-02-01 02:22:12.252361,9.625933580922396
206,2022-02-01 03:22:12.252361,9.625933580922396
207,2022-02-01 04:22:12.252361,9.625933580922396
208,2022-02-01 05:22:12.252361,9.625933580922396
209,2022-02-01 06:22:12.252361,9.625933580922396
210,2022-02-01 07:22:12.252361,9.625933580922396
211,2022-02-01 08:22:12.252361,9.625933580922396
212,2022-02-01 09:22:12.252361,9.625933580922396
213,2022-02-01 10:22:12.252361,9.625933580922396
214,2022-02-01 11:22:12.252361,9.625933580922396
215,2022-02-01 12:22:12.252361,9.625933580922396
216,2022-02-01 13:22:12.252361,9.625933580922396
217,2022-02-01 14:22:12.252361,9.625933580922396
218,2022-02-01 15:22:12.252361,9.625933580922396
219,2022-02-01 16:22:12.252361,9.625933580922396
220,2022-02-01 17:22:12.252361,9.625933580922396
221,2022-02-01 18:22:12.252361,9.625933580922396
222,2022-02-01 19:22:12.252361,9.625933580922396
223,2022-02-01 20:22:12.252361,9.625933580922396
224,2022-02-01 21:22:12.252361,9.625933580922396
225,2022-02-01 22:22:12.252361,9.625933580922396
226,2022-02-01 23:22:12.252361,9.625933580922396
227,2022-02-02 00:22:12.252361,9.625933580922396
228,2022-02-02 01:22:12.252361,9.625933580922396
229,2022-02-02 02:22:12.252361,9.625933580922396
230,2022-02-02 03:22:12.252361,9.625933580922396
231,2022-02-02 04:22:12.252361,9.625933580922396
232,2022-02-02 05:22:12.252361,9.625933580922396
233,2022-02-02 06:22:12.252361,9.625933580922396
234,2022-02-02 07:22:12.252361,9.625933580922396
235,2022-02-02 08:22:12.252361,9.625933580922396
236,2022-02-02 09:22:12.252361,9.625933580922396
237,2022-02-02 10:22:12.252361,9.625933580922396
238,2022-02-02 11:22:12.252361,9.625933580922396
239,2022-02-02 12:22:12.252361,9.625933580922396
240,2022-02-02 13:22:12.252361,9.625933580922396
241,2022-02-02 14:22:12.252361,9.625933580922396
242,2022-02-02 15:22:12.252361,9.625933580922396
243,2022-02-02 16:22:12.252361,9.625933580922396
244,2022-02-02 17:22:12.252361,9.625933580922396
245,2022-02-02 18:22:12.252361,9.625933580922396
246,2022-02-02 19:22:12.252361,9.625933580922396
247,2022-02-02 20:22:12.252361,9.625933580922396
248,2022-02-02 21:22:12.252361,9.625933580922396
249,2022-02-02 22:22:12.252361,9.625933580922396
250,2022-02-02 23:22:12.252361,9.625933580922396
251,2022-02-03 00:22:12.252361,9.625933580922396
252,2022-02-03 01:22:12.252361,9.625933580922396
253,2022-02-03 02:22:12.252361,9.625933580922396
254,2022-02-03 03:22:12.252361,9.625933580922396
255,2022-02-03 04:22:12.252361,9.625933580922396
256,2022-02-03 05:22:12.252361,9.625933580922396
257,2022-02-03 06:22:12.252361,9.625933580922396
258,2022-02-03 07:22:12.252361,9.625933580922396
259,2022-02-03 08:22:12.252361,9.625933580922396
260,2022-02-03 09:22:12.252361,9.625933580922396
261,2022-02-03 10:22:12.252361,9.625933580922396
262,2022-02-03 11:22:12.252361,9.625933580922396
263,2022-02-03 12:22:12.252361,9.625933580922396
264,2022-02-03 13:22:12.252361,9.625933580922396
265,2022-02-03 14:22:12.252361,9.625933580922396
266,2022-02-03 15:22:12.252361,9.625933580922396
267,2022-02-03 16:22:12.252361,9.625933580922396
268,2022-02-03 17:22:12.252361,9.625933580922396
269,2022-02-03 18:22:12.252361,9.625933580922396
270,2022-02-03 19:22:12.252361,9.625933580922396
271,2022-02-03 20:22:12.252361,9.625933580922396
272,2022-02-03 21:22:12.252361,9.625933580922396
273,2022-02-03 22:22:12.252361,9.625933580922396
274,2022-02-03 23:22:12.252361,9.625933580922396
275,2022-02-04 00:22:12.252361,9.625933580922396
276,2022-02-04 01:22:12.252361,9.625933580922396
277,2022-02-04 02:22:12.252361,9.625933580922396
278,2022-02-04 03:22:12.252361,9.625933580922396
279,2022-02-04 04:22:12.252361,9.625933580922396
280,2022-02-04 05:22:12.252361,9.625933580922396
281,2022-02-04 06:22:12.252361,9.625933580922396
282,2022-02-04 07:22:12.252361,9.625933580922396
283,2022-02-04 08:22:12.252361,9.625933580922396
284,2022-02-04 09:22:12.252361,9.625933580922396
285,2022-02-04 10:22:12.252361,9.625933580922396
286,2022-02-04 11:22:12.252361,9.625933580922396
287,2022-02-04 12:22:12.252361,9.625933580922396
288,2022-02-04 13:22:12.252361,9.625933580922396
289,2022-02-04 14:22:12.252361,9.625933580922396
290,2022-02-04 15:22:12.252361,9.625933580922396
291,2022-02-04 16:22:12.252361,9.625933580922396
292,2022-02-04 17:22:12.252361,9.625933580922396
293,2022-02-04 18:22:12.252361,9.625933580922396
294,2022-02-04 19:22:12.252361,9.625933580922396
295,2022-02-04 20:22:12.252361,9.625933580922396
296,2022-02-04 21:22:12.252361,9.625933580922396
297,2022-02-04 22:22:12.252361,9.625933580922396
298,2022-02-04 23:22:12.252361,9.625933580922396
299,2022-02-05 00:22:12.252361,9.625933580922396
300,2022-02-05 01:22:12.252361,9.625933580922396
301,2022-02-05 02:22:12.252361,9.625933580922396
302,2022-02-05 03:22:12.252361,9.625933580922396
303,2022-02-05 04:22:12.252361,9.625933580922396
304,2022-02-05 05:22:12.252361,9.625933580922396
305,2022-02-05 06:22:12.252361,9.625933580922396
306,2022-02-05 07:22:12.252361,9.625933580922396
307,2022-02-05 08:22:12.252361,9.625933580922396
308,2022-02-05 09:22:12.252361,9.625933580922396
309,2022-02-05 10:22:12.252361,9.625933580922396
310,2022-02-05 11:22:12.252361,9.625933580922396
311,2022-02-05 12:22:12.252361,9.625933580922396
312,2022-02-05 13:22:12.252361,9.625933580922396
313,2022-02-05 14:22:12.252361,9.625933580922396
314,2022-02-05 15:22:12.252361,9.625933580922396
315,2022-02-05 16:22:12.252361,9.625933580922396
316,2022-02-05 17:22:12.252361,9.625933580922396
317,2022-02-05 18:22:12.252361,9.625933580922396
318,2022-02-05 19:22:12.252361,9.625933580922396
319,2022-02-05 20:22:12.252361,9.625933580922396
320,2022-02-05 21:22:12.252361,9.625933580922396
321,2022-02-05 22:22:12.252361,9.625933580922396
322,2022-02-05 23:22:12.252361,9.625933580922396
323,2022-02-06 00:22:12.252361,9.625933580922396
324,2022-02-06 01:22:12.252361,9.625933580922396
325,2022-02-06 02:22:12.252361,9.625933580922396
326,2022-02-06 03:22:12.252361,9.625933580922396
327,2022-02-06 04:22:12.252361,9.625933580922396
328,2022-02-06 05:22:12.252361,9.625933580922396
329,2022-02-06 06:22:12.252361,9.625933580922396
330,2022-02-06 07:22:12.252361,9.625933580922396
331,2022-02-06 08:22:12.252361,9.625933580922396
332,2022-02-06 09:22:12.252361,9.625933580922396
333,2022-02-06 10:22:12.252361,9.625933580922396
334,2022-02-06 11:22:12.252361,9.625933580922396
335,2022-02-06 12:22:12.252361,9.625933580922396
